Item title	|	Price	|	Colors	|	Size	|	Discounts
Ветровки Nike M Nk Run Jkt	|	1799 грн2090 грн	|	1 цвет 	|	ML	|	-13%
Ветровки Puma FCSD Prematch Jkt	|	1879 грн2690 грн	|	1 цвет 	|	SMLXL	|	-30%
Ветровки Puma FCSD Pro Training Rain Jkt	|	2089 грн2990 грн	|	1 цвет 	|	SMLXLXXL	|	-30%
Ветровки Nike M Nsw Spe Wvn Lnd Wr Hd Jkt	|	2329 грн3330 грн	|	2 цвета 	|	SMLXL	|	-30%
Ветровки New Balance Fcdk Vector Speed	|	2239 грн3190 грн	|	1 цвет 	|	SML	|	-29%
Ветровки Puma Run Woven Ultra Jacket M	|	1739 грн3490 грн	|	1 цвет 	|	SMLXLXXL	|	-50%
Ветровки New Balance Fast Flight	|	1399 грн2790 грн	|	1 цвет 	|	SMLXL	|	-49%
Ветровки Anta Woven Track Top	|	1369 грн2290 грн	|	1 цвет 	|	SMLXLXXL	|	-40%
Ветровки Nike PSG MNK WNTR AWF HD JKT WVN CL	|	4450 грн	|	1 цвет 	|	SMLXLXXL	|	NEW
Ветровки New Balance Fcdk Travel Fz	|	1589 грн3190 грн	|	1 цвет 	|	S	|	-50%
Ветровки New Balance Fcdk	|	1499 грн2990 грн	|	1 цвет 	|	S	|	-49%
Ветровки Nike M Nsw He Wr Hd Wvn Jkt	|	1689 грн3390 грн	|	2 цвета 	|	XL	|	-50%
Ветровки Puma Run Ultra Jacket	|	1389 грн3490 грн	|	1 цвет 	|	LXL	|	-60%
Ветровки Anta Woven Track Top	|	1319 грн2650 грн	|	2 цвета 	|	SML	|	-50%
Ветровки Anta Woven Track Top	|	1079 грн2160 грн	|	1 цвет 	|	SM	|	-50%
Ветровки Anta Woven Track Top	|	979 грн1960 грн	|	1 цвет 	|	SMLXL	|	-50%
Ветровки Anta Woven Track Top	|	1319 грн2650 грн	|	2 цвета 	|	ML	|	-50%
Ветровки Anta Woven Track Top	|	839 грн1680 грн	|	1 цвет 	|	M	|	-50%
Ветровки Puma Run Graphic Hooded Jacket	|	1599 грн2290 грн	|	1 цвет 	|	SM	|	-30%
Ветровки Helly Hansen Active Wind Jacket	|	2649 грн4390 грн	|	1 цвет 	|	L	|	-39%
Ветровки Anta Single Windbreaker	|	989 грн1990 грн	|	1 цвет 	|	M	|	-50%
Ветровки Anta Single Jacket	|	939 грн1880 грн	|	1 цвет 	|	SML	|	-50%
Ветровки Anta Woven Track Top	|	1069 грн2560 грн	|	1 цвет 	|	SMLXLXXL	|	-58%
